Æ’z	Open	High	Low	Close	Last	Avg	Volume	Delivery
2008-06-13	112	119	109.5	116.05	116.25	115.82	402553	84809
2008-06-12	110	112.75	107.95	111.8	111.85	110.4	143142	56610
2008-06-11	109.95	112.7	108.05	111.9	111.2	110.96	155353	60844
2008-06-10	110.5	111.75	107	108.4	108.5	108.94	136323	62771
2008-06-09	113	113	106.3	110.5	110	109.06	263117	115171
2008-06-06	116	120.2	114.05	114.5	115.6	118.32	364918	122958
2008-06-05	111.85	116.5	111.7	115.55	115.9	114.54	321010	106396
2008-06-04	113	114.7	112.05	112.95	113	113.26	328091	217326
2008-06-03	111	115.4	109	114	114.25	112.23	211138	74854
2008-06-02	120	121	112	112.5	113.7	117.93	232403	94112
2008-05-30	119	120.7	115.3	118.5	119.2	118.35	443204	166307
2008-05-29	123.5	123.5	116.25	118.25	117.35	118.11	374578	211173
2008-05-28	118	121.5	117.1	121	120.2	118.7	341818	179054
2008-05-27	121	122.5	115	118	116.75	118.85	222970	72357
2008-05-26	122	123.8	119.15	120	120.2	121.43	219871	61141
2008-05-23	127	128	123	123.25	123.65	125.92	229371	81083
2008-05-22	123.7	130	123.7	126.5	126.8	127.62	706955	172812
2008-05-21	123.65	128	119.2	126.25	126.35	125.98	379512	135725
2008-05-20	126.85	128.5	125.5	126.5	126.5	127.11	213731	68043
2008-05-16	129	129.2	126.15	127.6	127.95	127.76	379824	128964
2008-05-15	128	130.35	126.5	127.5	127.7	128.47	532649	172720
2008-05-14	125	128.9	123	127.5	127.05	127.02	518246	97881
2008-05-13	135	135	123.35	123.5	124.9	128.83	696170	189532
2008-05-12	112	128.95	105.9	128.3	128.05	125.8	719946	188918
2008-05-09	126.95	131.2	125	125.25	126.35	128.23	760076	229955
2008-05-08	128	129.9	126.1	126.55	127.05	127.76	346768	101043
2008-05-07	135	135.8	127.75	128.9	128.85	131.7	1058939	316890
2008-05-06	130.15	134.5	124.05	133.5	131.45	129.93	479632	178338
2008-05-05	132.8	133.4	129.55	129.55	130.2	131.63	342371	146820
2008-05-02	136	136.45	130.6	131.7	131.45	133.61	1533741	460761
2008-04-30	134	135.9	128.5	132.4	133.05	132.99	1291406	270317
2008-04-29	120.9	138.85	120.5	132.9	132.3	130.19	3435854	930579
2008-04-28	118	123.65	117.35	119.5	119.45	120.64	361795	133198
2008-04-25	116.5	121.85	116.5	117.4	118.4	119.09	521778	103793
2008-04-24	119.9	123.1	113.7	115	115.8	117.53	1096108	603841
2008-04-23	116.05	122	116	119.55	119.05	119.61	268676	118680
2008-04-22	120.9	120.9	115.2	117	116.8	116.96	266113	116174
2008-04-21	125	128.4	119	121	120.05	124.66	490013	237477
2008-04-17	122.55	125.4	120.3	123.2	123.8	123.47	592716	168650
2008-04-16	121.35	123.4	118.6	120.8	120.1	121.24	422775	138591
2008-04-15	116.5	122.5	110.5	119.75	119.25	118.29	1094634	342763
2008-04-11	112	113.9	108.1	111	110.9	111.53	247528	65525
2008-04-10	112	114.65	108.65	109.05	109.9	112.65	441618	99199
2008-04-09	101.9	114	101	111	111.1	109.47	863154	240055
2008-04-08	101.6	102.5	100.65	101.5	101.5	101.67	73303	34281
2008-04-07	100.35	101.9	99.3	101.5	101	101.17	90294	46238
2008-04-04	99.15	103.4	99.15	99.7	100.4	101.57	147220	61464
2008-04-03	101	101.5	98	100.85	100.65	100.23	99080	25829
2008-04-02	103	105	99.55	99.85	100.35	102	97778	36463
2008-04-01	101	102	97.3	100.35	99.9	99.39	108945	43669
2008-03-31	98.6	102	95.25	98.5	98.9	99.19	360599	190880
2008-03-28	95.6	102	95	101.2	100.35	98.66	308989	83801
2008-03-27	96	100.4	93	95.1	95.75	97.4	815413	398332
2008-03-26	93	95.9	91	94.3	94.3	94.1	246094	132400
2008-03-25	86.5	94.5	86.5	94.5	93.45	91.93	363651	262374
2008-03-24	90.25	92	84.1	87.5	85.65	86.93	170599	86387
2008-03-19	93	94.95	87.5	89	89.8	90.39	311190	166068
2008-03-18	88.1	95.15	86.6	88.55	89.5	90.14	309379	153983
2008-03-17	99	99	89.05	89.65	91.25	93.83	247804	152812
2008-03-14	98.1	103	94.4	100.5	100.7	100.79	183561	100575
2008-03-13	108	108.95	100.2	101.55	101.35	103.64	178509	109918
2008-03-12	114	115.95	108.9	109.7	110.15	112.6	99906	44969
2008-03-11	110.7	112	107	109.6	110.9	110.86	192886	142232
2008-03-10	110.5	110.5	93	109.75	109.15	108.35	199924	116818
2008-03-07	116.1	116.1	110.05	112	112.2	112.07	183015	86650
2008-03-05	118	119.95	116	117.5	117.7	117.9	146897	55985
2008-03-04	120	122.8	114.6	117.85	117.1	118.36	166610	84715
2008-03-03	125	126.5	119.5	120.3	120.75	123.22	154478	58006
2008-02-29	129	129.65	125.3	127.5	127.65	127.82	248190	114231
2008-02-28	128.3	133	124.5	132	129.9	129.01	689915	518015
2008-02-27	131.45	133	127	127	128.3	130.55	259439	83028
2008-02-26	127.45	130.95	127.2	130.75	129.95	129.05	178022	78400
2008-02-25	129.75	129.75	125	127.25	127.45	126.88	178885	60231
2008-02-22	129	130.45	125.25	128.3	128.4	127.92	257577	118863
2008-02-21	127	131.9	125.05	130.6	130.8	128.84	549663	146615
2008-02-20	127	130.5	124.1	125.25	125	128.16	446637	161417
2008-02-19	119.95	127.7	118.75	124.25	125.8	124.03	490425	210462
2008-02-18	119.3	120	117.05	117.95	117.85	118.53	101973	59219
2008-02-15	116.1	118.9	115.1	118.5	117.95	117.33	178396	105025
2008-02-14	119	119	115	118.5	117.85	117.07	105561	45393
2008-02-13	114.7	117	111.15	115	114.25	113.76	171833	78934
2008-02-12	120	120.15	111.15	112.15	111.95	114.02	258709	148626
2008-02-11	122	123	116.5	116.55	118.3	119.27	304728	206771
2008-02-08	122	125.95	120.6	122.05	122	122.16	202970	94285
2008-02-07	126	128	120.55	121.5	121.6	124.83	147612	80704
2008-02-06	125	126.5	120	125	125.1	124.96	130820	56795
2008-02-05	130.7	131.75	127	128.7	128.55	129.29	143228	58608
2008-02-04	128.9	135	128	130.25	130.5	132.04	514121	283128
2008-02-01	118	128.1	116.05	127.1	126.45	121.98	773866	371042
2008-01-31	122.4	129.8	111.1	114	117.6	118.74	1610649	1039781
2008-01-30	129.45	129.45	120	120.9	122.4	125.83	439168	372476
2008-01-29	131	133.6	126	128	128.2	129.89	146279	69630
2008-01-28	129	131.45	120.1	131	130.2	127.71	290745	144412
2008-01-25	133	136	126	130.05	130.3	130.7	648449	288572
2008-01-24	125	131.4	120.9	130.8	128.7	125.66	1298526	893181
2008-01-23	118.7	128.9	107.95	120	119.8	118.45	754372	556965
2008-01-22	101	115	70.3	107.95	109.65	103.69	806555	471801
2008-01-21	132	132	111	117.75	117.75	117.85	1006260	753536
2008-01-18	136.85	136.9	130.1	130.1	131.5	133.85	210259	102919
2008-01-17	136.3	140	136	136.95	137.4	138.13	222318	83283
2008-01-16	139.6	139.9	132.45	136.6	136.3	136.75	402036	202738
2008-01-15	144.05	146.55	139.5	140.5	140.75	143.2	386048	174331
2008-01-14	144	145.3	142.2	142.85	143.05	143.21	201640	74635
2008-01-11	149.7	149.7	141.6	143.6	144.05	145.21	708734	231076
2008-01-10	155	159.8	143.15	145.9	144.85	154.75	3133007	868470
2008-01-09	144	156.25	142.7	154.1	154.4	150.76	2263275	802943
2008-01-08	143	144	139.05	142.4	141.75	141.45	433649	222512
2008-01-07	143.55	144	140.6	141.5	141.65	142.44	246472	122646
2008-01-04	145	146	143.1	143.55	143.55	144.53	261763	137690
2008-01-03	143.1	147.9	143.1	144.4	144.65	145.7	317970	135863
2008-01-02	149.7	150.5	145	146.2	145.7	146.46	474467	242278
2008-01-01	147.1	149.8	145.8	148.35	148.9	148.16	660729	343847
2007-12-31	142.15	148.65	142.15	145.9	145.65	145.41	792856	396549
2007-12-28	141.5	142.8	141.1	142.4	142.15	141.99	240197	117091
2007-12-27	144.5	144.95	140	140.8	141	142.41	769175	354671
2007-12-26	143	144.6	142	143.3	143.6	143.72	427411	214104
2007-12-24	139.5	143	139.5	141.35	141.25	141.51	391443	251162
2007-12-20	134.1	141.45	111	138.45	138.8	139.65	305169	120020
2007-12-19	139.5	140.5	137.05	137.6	137.4	138.53	221449	112093
2007-12-18	141	141	136.25	139	138.6	138.56	253545	123458
2007-12-17	138.05	143.7	138.05	138.5	139.8	140.86	521420	274414
2007-12-14	142	142.75	112.45	140.2	141	141.17	246896	124419
2007-12-13	144.5	145	140.2	140.35	140.55	141.38	298818	169758
2007-12-12	134	143.85	134	141.8	141.3	141.95	265821	139414
2007-12-11	146	148.65	143.5	144.35	144.15	145.33	397926	260199
2007-12-10	146	147.9	141.85	145.25	145.2	146.18	699244	360144
2007-12-07	142.4	146.4	140.3	145.5	145.35	143.72	919576	410193
2007-12-06	142.5	143.9	139.5	140.35	140.3	141.77	387803	221647
2007-12-05	144	144	139.25	141.05	141	141.67	448009	220994
2007-12-04	145	148	141	142	141.85	143.54	1085277	498235
2007-12-03	135	144.3	135	140.85	140.55	140.34	1421823	716106
2007-11-30	134.5	136	133	134.45	134.8	134.59	200324	91386
2007-11-29	137.1	139.5	129.5	133	131.25	132.91	1011016	827215
2007-11-28	136	138	135.05	136	135.85	136.87	406706	247135
2007-11-27	136.8	154	130	134.5	134.75	134.56	248141	110048
2007-11-26	133.7	135.8	132.2	133.2	133.5	133.93	268927	131116
2007-11-23	130	131.9	125.1	130.5	130.65	129.75	235332	99717
2007-11-22	132.5	132.5	125.3	128.3	127.65	128	283150	118900
2007-11-21	133.9	135.8	130	130.5	130.5	132.87	336846	142182
2007-11-20	136.7	139.8	131.4	134.15	133.95	136.91	517318	253979
2007-11-19	129	138	126.8	135.9	135.55	133.07	692845	260029
2007-11-16	127.05	129.9	124.6	125.15	125.05	126.24	440479	322770
2007-11-15	129.5	131.4	127.05	127.75	127.75	128.78	237117	141374
2007-11-14	127.5	130	126.5	129.15	129.35	128.51	342783	215087
2007-11-13	123.65	128.1	122.5	126.15	125.7	125.84	356064	203981
2007-11-12	125	125	121.1	123.35	123.6	123.2	254048	153561
2007-11-09	126.7	129.95	125.1	126	125.85	126.09	87781	64419
2007-11-08	127.5	130	124	125.2	125.35	127	268960	162652
2007-11-07	133	133.85	129.1	130	129.85	130.56	230602	118055
2007-11-06	135.9	135.9	132	133.5	132.7	133.89	414708	279683
2007-11-05	133.5	137.45	132	134.1	133.65	134.13	511712	284704
2007-11-02	132	149.95	130	132.5	132.35	132.95	300957	141760
2007-11-01	138	138.5	133.6	133.75	134.55	135.29	584342	390525
2007-10-31	139	139.3	135	136	135.65	136.46	315394	172473
2007-10-30	139.95	140.5	136.5	138.55	137.55	138.29	419070	234067
2007-10-29	140.75	141.8	138.05	139	138.75	139.61	453737	228863
2007-10-26	137	141.5	135.5	139	138.95	140.02	962709	523057
2007-10-25	142.75	143	132.6	134.7	135.95	138.93	1908112	1063299
2007-10-24	144.2	144.5	140.1	140.2	140.6	141.96	622570	268999
2007-10-23	139.25	141	138.15	140.5	139.65	139.81	568939	313779
2007-10-22	135.5	139	133.55	136.7	136.4	137.11	288837	131572
2007-10-19	141.65	143	136.5	138.5	138.35	138.95	316451	136053
2007-10-18	145.2	149.9	138.1	138.1	141.6	146.17	733381	296096
2007-10-17	140	143.95	124.3	142.7	142.45	140.46	444103	166487
2007-10-16	147.7	148.5	143.5	144.75	144.55	146.04	420787	207873
2007-10-15	149.7	155.5	146	146.9	146.55	147.44	496994	193479
2007-10-12	147.7	149.75	141.85	143.7	142.75	144.89	856718	525759
2007-10-11	154.7	155	147.3	148.9	149.15	149.94	383744	161791
2007-10-10	145.15	154.5	145.15	153.15	152.15	151.27	1475161	623120
2007-10-09	143	148.45	138.2	147.5	147.15	145.01	740076	268585
2007-10-08	151.7	152	141.5	142.95	143.5	145.58	884639	300566
2007-10-05	153	157	147.5	148.5	149.1	153.6	1292472	383003
2007-10-04	149.5	153.35	145.15	152.45	152.35	151.06	1431316	550783
2007-10-03	152.5	153.9	140	149	148.55	147.91	892334	389877
2007-10-01	152.15	152.9	148.55	150.5	150.25	150.46	1359201	733395
2007-09-28	144.4	149.9	143	147.75	147.85	146.54	1060112	562338
2007-09-27	146	148.95	140.05	142.4	141.7	144.27	1696502	1056303
2007-09-26	141	149.85	140	144.9	144.35	145.46	972064	341029
2007-09-25	143.1	144.2	139.05	139.95	140.15	140.65	316293	117668
2007-09-24	146.95	147	142.65	142.85	143.1	144.03	344916	175853
2007-09-21	150	152.2	143.3	145.1	145.65	148.55	2285029	1339625
2007-09-20	150	153.9	147.75	149.1	149.2	150.6	2436470	1282241
2007-09-19	138.1	149.8	136.75	148	147.25	143.99	1058554	557100
2007-09-18	135	137.1	133.55	136.05	135.85	135.59	301856	124032
2007-09-17	138.8	138.95	134.25	134.85	135.05	136.08	296135	161733
2007-09-14	144.7	146.4	136	136.95	137.4	141.44	889085	476264
2007-09-13	143.45	144	141.6	142	141.95	142.7	359397	155303
2007-09-12	144	146.9	141.9	142.95	142.6	143.79	605477	258524
2007-09-11	143.4	147	141.25	142	141.9	143.19	371937	173806
2007-09-10	146.8	147.6	143.2	146	145.9	145.99	262081	130228
2007-09-07	149.85	152.8	146.8	147.7	147.55	149.6	860923	275086
2007-09-06	148.7	156.5	145	149.3	148.85	152.88	2389361	943099
2007-09-05	149	150.75	146.05	149.15	148.25	148.08	407895	189877
2007-09-04	151.3	152	147.5	148.75	148.75	149.5	453389	217135
2007-09-03	148	153	146.75	149.5	149.4	150.22	1020981	387089
2007-08-31	142.6	148.4	140.15	148	147.25	145.79	743783	345550
2007-08-30	139.6	142.9	137	137.5	137.6	139.87	415028	189726
2007-08-29	134	137.5	130	136.5	136.8	134.84	240804	155961
2007-08-28	137.4	140.9	135.1	135.35	135.7	137.11	188226	103365
2007-08-27	135	144.75	135	136.95	135.75	138.03	190461	125008
2007-08-24	273.5	278	270.5	275	275	274.87	154916	97632
2007-08-23	276	279.6	270	273.4	273	275.89	326000	213501
2007-08-22	274.9	279.7	267	269.95	270.15	270.67	152363	99432
2007-08-21	291.6	291.6	273.25	273.25	274.9	279.58	183469	118904
2007-08-20	291.9	295	285	286.5	286.55	287.79	238038	195906
2007-08-17	289.7	294.5	281	284	285.6	287.14	311766	219464
2007-08-16	282	295.65	281	291	292.1	291.48	252464	173959
2007-08-14	295.75	300	293	297	295.5	296.59	104194	40720
2007-08-13	292.5	296.1	290.15	295.75	294.45	293.03	102186	50771
2007-08-10	285.3	292.5	281	292.5	290.55	287.58	130503	70442
2007-08-09	299.5	299.5	291.1	293	293.05	296.06	153346	78960
2007-08-08	292.9	298.6	292.9	295	294.8	295.98	168160	77801
2007-08-07	289	293.4	288.8	289.2	289.7	290.63	101341	44692
2007-08-06	283.7	288.2	280	288.2	286.45	283.63	143126	73176
2007-08-03	288.9	290	283.1	284.3	284.35	284.94	206993	127263
2007-08-02	286.7	290	282.55	286.9	285	287.64	148154	95777
2007-08-01	294.5	310.1	283.15	284.75	284.95	291	341716	173235
2007-07-31	301.1	302	294.1	294.9	295.25	297.22	159806	101018
2007-07-30	302.7	303.9	297.25	300	299.35	300.43	224828	138860
2007-07-27	299	302.5	295.1	301.95	299.8	299.19	277950	133663
2007-07-26	295	309.85	295	306.7	307.25	305.45	499278	266047
2007-07-25	286.75	294.9	281.1	293	291.3	288.65	276233	94901
2007-07-24	290.9	291	285.6	286.6	286.75	288.06	140834	68395
2007-07-23	294.45	294.6	284	288.2	286.85	288.25	254187	162167
2007-07-20	297.9	299.5	292.05	292.65	292.7	294.27	126045	80955
2007-07-19	298	301.9	292.7	295	294.9	296.81	251433	164347
2007-07-18	304.5	305.45	295.5	296.45	297.05	300.02	218262	135358
2007-07-17	307	308.7	302.05	303.5	302.85	304.97	171233	83630
2007-07-16	309	309	305	307.5	306.8	306.88	132489	77096
2007-07-13	318	323	304.8	305.05	305.8	309.12	204891	110197
2007-07-12	309	312.2	306	306.75	306.9	309.06	266786	102374
2007-07-11	309.7	309.7	300	304.1	304.9	305.71	285289	126830
2007-07-10	308.7	313.9	307.05	309	307.7	309.48	391123	175515
2007-07-09	314.7	314.7	305.15	306	306.7	309.52	294567	190087
2007-07-06	311.9	314.4	306.95	312.3	312.3	311.62	251008	127314
2007-07-05	315.45	316.1	305.2	311.9	310.9	309.44	250143	104177
2007-07-04	323	324.4	314.4	314.95	315.55	317.83	284651	123408
2007-07-03	315	323	314.1	321	321.15	320.23	1070981	407111
2007-07-02	305.7	315.4	304	313.25	313.3	310.62	515450	343386
2007-06-29	309.7	310	302.25	302.65	303.6	305.38	238921	134551
2007-06-28	314.7	315	308	308.65	308.85	310.56	416842	221105
2007-06-27	302.55	314	300.9	311.5	311.75	309.98	864166	374763
2007-06-26	302.9	305.8	300.1	300.55	301.2	302.9	377855	169204
2007-06-25	306.7	306.95	300.35	301.65	301.7	303.03	149634	72386
2007-06-22	304	307.95	302.6	305	305.55	305.86	184687	74022
2007-06-21	308	310.5	301.05	303.5	303.45	305.44	278345	140070
2007-06-20	310	311.5	305.5	306.5	307.6	309.02	356497	168833
2007-06-19	315	315	302.2	309.4	308.5	307.21	285424	111349
2007-06-18	310	315.8	304	304.5	305.15	310.91	1001031	288794
2007-06-15	305	310	300.2	308.15	308.4	305.97	473306	212215
2007-06-14	296.4	302.15	296	300.95	299.05	299.38	446771	216583
2007-06-13	300	300	290.6	291.45	293.5	293.72	815030	602738
2007-06-12	305	306.3	293.1	298.5	298.85	300.07	356739	163223
2007-06-11	306.65	312	302.55	304	303.7	307.73	349893	142549
2007-06-08	300	308	300	303.25	303.6	305.79	301753	118981
2007-06-07	306.9	310.7	306	307.9	307.85	308.49	596197	382383
2007-06-06	308.05	312.95	305.65	309	308.75	309.43	429174	188330
2007-06-05	307.85	314	304.5	310	309.75	310.33	611389	241138
2007-06-04	313.7	313.7	305.5	306.65	306.7	309.24	464897	202347
2007-06-01	311.1	316.9	307.1	311.35	310.75	312.49	725933	207325
2007-05-31	306.25	311.9	303.5	309.9	310.1	308.83	646737	229334
2007-05-30	310	311.35	302.1	303	303.2	306.81	443258	196152
2007-05-29	308	314	301.6	310.7	310.35	310.63	1203384	350666
2007-05-28	305.7	311	305.1	307	307.3	308.41	741335	417137
2007-05-25	304	308.45	300	301.5	302.1	303.71	1023026	459349
2007-05-24	306.1	314.4	304.55	305.5	306.2	309.55	605838	168631
2007-05-23	313.7	314.75	305	305.35	306.1	309.71	431299	148697
2007-05-22	310	316.8	310	310.25	310.95	313.06	550846	120299
2007-05-21	315	318.9	307.2	309.9	310.75	312.43	1060398	519854
2007-05-18	323.9	323.9	311.1	311.95	312.2	316.24	713599	395481
2007-05-17	320	328.4	319	323	323.9	324.63	1280501	397681
2007-05-16	321.8	324.9	315.5	317.4	317.4	319.81	922704	350615
2007-05-15	313.3	328.4	311	319.3	319.8	321.48	1623159	515199
2007-05-14	319.75	324.3	310.5	313	312.45	315.82	750767	293072
2007-05-11	304.9	321	298.1	316.5	316.6	314.62	2265879	464881
2007-05-10	303.1	316.25	302.35	307.05	307.2	310.79	2278992	507781
2007-05-09	296.7	301.5	285	300.1	299.15	295.41	499819	130030
2007-05-08	303.8	303.8	292.5	294	294.05	298.53	454414	177671
2007-05-07	304.7	310.95	300.05	302.4	302.15	306.22	1168332	262636
2007-05-04	306	307.05	298.05	301.75	301.45	301.53	591186	179573
2007-05-03	310	310	302.1	305.1	304.4	306.29	1003619	341317
2007-04-30	282.7	304.8	282.7	304	302.55	297.81	1764269	493407
2007-04-27	294.4	294.4	280.55	282.1	281.6	284.43	897146	482333
2007-04-26	299.4	307.5	288.05	293	292.1	299.06	2358106	837240
2007-04-25	280	294	280	285	284.95	288.32	2358672	703537
2007-04-24	263.95	283.7	263.15	278.35	278.15	276.41	1098776	442966
2007-04-23	271.35	272.7	262.1	263.2	263.95	267.43	302864	134263
2007-04-20	269.9	277.65	265	265.95	266.55	272.39	725731	204326
2007-04-19	262.7	272	256.05	266.1	267.4	265.56	462799	115326
2007-04-18	262.55	267	261.25	264.1	264.15	264.25	222631	100186
2007-04-17	266	266	257.55	260	260.15	261.03	248304	127546
2007-04-16	269.9	274.7	263.1	264.95	264.95	269.93	379288	183341
2007-04-13	265.45	272	263	266.1	267.25	269.24	829965	308115
2007-04-12	254.75	265.9	251.1	262.2	263.3	260.79	530192	128961
2007-04-11	257.35	269.7	255	257.5	256	262.93	584281	200218
2007-04-10	246	267	244.7	262.05	263.2	257.16	1160841	284726
2007-04-09	240	250.95	240	244.7	245.25	246.66	313308	86131
2007-04-05	230	242.95	230	238.5	239.65	238.52	170716	72400
2007-04-04	236	241.7	233.7	238	239.6	238.06	173776	65743
2007-04-03	231	237.8	229.6	237	236	232.84	231881	112385
2007-04-02	223.4	239	223.4	229.5	230.1	233.91	250050	180531
2007-03-30	237	248.25	236.5	243	242.65	240.63	228552	116501
2007-03-29	238	240	233.15	235.9	235.55	235.93	150358	68832
2007-03-28	236	247	235.25	237	238	238.44	416650	269699
2007-03-26	244.9	258	242.5	247.15	246.9	251	613324	210980
2007-03-23	236.4	249	231.55	241	242.35	241.99	559730	164872
2007-03-22	237	238.95	233.05	233.1	234.05	235.73	220859	137068
2007-03-21	239	239	230	233.4	232.7	232.37	238317	133493
2007-03-20	233.5	239.9	227.45	228.35	229.55	233.72	268453	156237
2007-03-19	235.65	238.45	227	230.2	232	232.69	141519	61721
2007-03-16	240	243.65	231.3	232	233.3	235.55	152644	54410
2007-03-15	240	248	236	238.45	238.25	243.81	263257	88034
2007-03-14	240	241	231.2	235.15	235.1	237.15	203386	86219
2007-03-13	244.5	249.4	241.2	248	247.2	245.6	254763	76562
2007-03-12	240	247.9	237.9	244	241.7	243.61	390940	164127
2007-03-09	241.15	255	225.8	238	240.35	242.1	689341	228390
2007-03-08	229	239.9	224.9	239	236.9	232.05	319170	96573
2007-03-07	224.4	229.9	219.55	227	226.85	224.16	459226	183887
2007-03-06	225.25	236	213.5	221.6	220.65	222.84	628800	265019
2007-03-05	240	244	220.7	222.25	222.25	227.28	394115	194700
2007-03-02	255	259	242.5	243.05	245.2	252.58	325373	103626
2007-03-01	245.8	256	242	254.75	254.1	250.77	405806	160655
2007-02-28	249.7	261	234	242	245.25	249.1	873072	395698
2007-02-27	260	270	255	259	258.85	262.7	499438	115938
2007-02-26	262	264.85	248.65	259.5	259.3	256.55	594149	230502
2007-02-23	278.6	281.4	255	261	261	265.13	628814	265347
2007-02-22	289.7	292.6	277.1	278	278.6	284.54	398883	169365
2007-02-21	290	294.45	285	286.15	287.8	289.88	406579	81902
2007-02-20	288.9	296.9	285	289	286.95	291.27	459846	153047
2007-02-19	293.7	298.9	288.1	290.55	290.45	293.53	435098	114546
2007-02-15	292.8	301.5	289	291.9	293.2	295.34	864312	238233
2007-02-14	276.65	294.9	266.25	290	291	282.5	824668	265292
2007-02-13	280.85	294.95	272.05	279.1	277.6	283.93	624819	171248
2007-02-12	289.4	289.4	271	283.4	279.4	279.16	653812	260168
2007-02-09	293.7	309.8	287.55	289.95	290.05	299.83	1485229	442184
2007-02-08	307.7	308.6	290.1	290.1	291.55	297.59	719820	359707
2007-02-07	311	323.8	303.25	304	306.6	315.1	1772933	527591
2007-02-06	282	309.35	281.8	309.35	309.35	298.03	1537103	532741
2007-02-05	284.95	285.5	278.5	279	281.2	282.24	502276	177439
2007-02-02	289.5	292	281.05	281.3	283.1	286.61	538468	172945
2007-02-01	292.35	295.9	286.3	287.1	287.7	290.69	429976	98130
2007-01-31	297.7	297.7	285	291.5	289.45	291.13	444262	142339
2007-01-29	304.7	304.7	293	295.5	295.9	296.77	739970	184647
2007-01-25	284	305.5	283.95	303.05	302	296.97	2601646	653007
2007-01-24	284.7	289.9	280.55	281.15	282.55	285.05	838193	198218
2007-01-23	296.4	296.4	275	282.55	280.65	286.15	1223011	372019
2007-01-22	298	299.85	284.15	295	294.85	292.27	3112432	432498
2007-01-19	280	300.7	266	297.1	295.9	289.75	5310981	989678
2007-01-18	282.35	289.95	265.5	278.5	276.7	277.16	3443951	747507
2007-01-17	255.85	297.5	255.85	279	279.55	279.06	7419585	1312593
2007-01-16	234.9	255	234.9	254.9	253.3	247.71	2258740	693781
2007-01-15	236.4	239.9	228.8	233	233.25	234.55	707662	213160
2007-01-12	238.9	241	226.85	233.55	234.2	235.23	1407238	462710
2007-01-11	215	236.75	211.75	236.5	233.75	225.94	1851656	709598
2007-01-10	217.7	218.7	212	214.5	213.15	214.92	380327	148301
2007-01-09	228	231.45	215	219.3	218.75	223.51	1057803	348858
2007-01-08	214.7	227	209	226.7	225.05	221.15	1749643	340989
2007-01-05	212	219.7	212	215	215.25	216.41	661940	171523
2007-01-04	218.4	218.4	210	212.25	212.2	213.39	618105	213452
2007-01-03	214.7	220.5	211.25	217.15	216.25	216.45	2239182	508625
2007-01-02	189	215	188.75	214.75	211.7	205.2	2412778	647855
2006-12-29	186.6	189	185	188.5	187.95	186.59	168932	89375
2006-12-28	188	190	186.1	188.5	187.65	188.35	240467	93365
2006-12-27	183.8	188	183.1	186.85	186.55	186.45	320118	171974
2006-12-26	185.2	187.75	181.8	181.9	182.65	184.2	269321	156854
2006-12-22	175	185.9	174	185.2	184.45	181.88	698415	375316
2006-12-21	170.7	174.9	168.2	174.15	173.7	172.43	166672	59023
2006-12-20	170.9	172.25	168.5	168.7	169.9	170.4	108859	50970
2006-12-19	171.7	172	168.1	168.1	169.35	170.38	139483	78815
2006-12-18	176.3	176.3	168.55	170.05	171.05	170.53	337375	204359
2006-12-15	177.7	186.5	173	174	174.45	178.27	553027	168057
2006-12-14	172.2	177	172.2	176.3	175.4	175.18	245674	200531
2006-12-13	176	176	165	172.6	172.1	170.02	177479	92416
2006-12-12	176.7	176.7	165	169	167.55	170.94	184373	108706
2006-12-11	177.65	181.5	171	175.9	175.5	177.07	227810	135431
2006-12-08	181	182	176.7	176.7	177.65	178.77	90838	50654
2006-12-07	180.7	182.7	178	180.2	180.5	180.22	153202	88832
2006-12-06	183.25	183.25	177.55	178.45	178.6	179.73	169916	110782
2006-12-05	183.7	183.7	181.2	181.9	181.85	182.53	149496	83895
2006-12-04	186	193.7	181	181.05	181.85	185.45	919723	329210
2006-12-01	185	186	183	185	185.1	184.4	104706	68797
2006-11-30	187	187.45	182.4	183.5	184.6	184.75	123905	67937
2006-11-29	182.55	186.5	181.5	186	185.6	184.31	238654	152437
2006-11-28	181.1	182.45	178.6	182.05	182.1	181.4	118580	63007
2006-11-27	184.7	184.9	181.5	182.15	182.05	183.26	146031	97003
2006-11-24	183.7	184.8	182.05	182.95	183.1	183.75	125356	59835
2006-11-23	184.3	188.4	181.75	184	183.95	185.26	329359	146769
2006-11-22	184.5	185.85	182.3	182.4	182.65	183.34	448674	340495
2006-11-21	183	185	182.25	184.55	184.5	183.75	193682	107127
2006-11-20	181	182.9	175.4	182	182.3	179.27	247555	97984
2006-11-17	189	190.9	177.25	180.5	180.75	182.33	375486	211034
2006-11-16	188.5	191.4	186.5	188	189.15	188.21	371170	178460
2006-11-15	191.25	191.6	187.3	188.8	188.4	189.03	296359	124373
2006-11-14	189.8	193.5	187	188.95	189.25	190.1	775865	235001
2006-11-13	185.95	193.5	185.2	187.65	187.35	189.91	1397724	381535
2006-11-10	182.5	187.8	180.25	184	184.75	185.08	570889	192188
2006-11-09	178.5	183	177	181.2	181.4	181.05	301899	113376
2006-11-08	181.6	182	175	177.25	177.05	178.36	236169	99386
2006-11-07	183.5	184.5	180	180.15	180.9	182.07	263887	133177
2006-11-06	183	184.8	181	182.25	182.6	183.32	255826	125861
2006-11-03	180.4	185	179.8	182.6	182.6	182.92	352066	205954
2006-11-02	180.5	185.95	177.85	177.85	178.8	182.85	488357	182539
2006-11-01	183.7	183.7	179.85	180.6	180.75	181.34	120700	67786
2006-10-31	185	186	180.05	182	181.5	182.61	126371	49582
2006-10-30	185	188	182.75	183.2	183.3	185.56	278497	111389
2006-10-27	183.5	184.25	180	183	182.75	182.26	173208	79159
2006-10-26	185.4	185.65	180.35	181.1	181.6	181.83	179814	85583
2006-10-23	189	189.8	183.3	183.6	184.4	185.88	168783	70951
2006-10-21	190	190	187	188	188.4	188.35	219194	114427
2006-10-20	186	191.45	185	186.25	187.05	188.35	1401051	336586
2006-10-19	182	189.7	181	184.95	184.7	186.24	862730	240789
2006-10-18	181.1	182.2	179.3	180.2	180.15	180.6	105497	43819
2006-10-17	183	185	179.55	180.45	180.75	182.19	189837	75572
2006-10-16	183	186.25	181.15	182	182.15	183.71	243494	104398
2006-10-13	183.5	184.05	178.8	182.5	183.15	181.88	280657	134776
2006-10-12	180.1	182.25	176	181.3	181.3	179.16	198406	74870
2006-10-11	180	185.9	177.5	179.3	179.2	182.29	581337	154186
2006-10-10	179	182.9	177	178	177.75	180.4	306409	134487
2006-10-09	181.5	185.5	178	178.5	179.15	182.49	718219	211274
2006-10-06	171	183.1	170.1	181.5	178.75	176.65	1244334	420290
2006-10-05	174.4	174.4	169.65	170.3	171	171.87	225791	90204
2006-10-04	170.5	174.95	169.9	170.4	170.85	172.86	641265	144118
2006-10-03	167.5	170	166.5	169.95	169.25	168.31	98653	48215
2006-09-29	168.3	171	166	167	166.45	167.53	83461	41823
2006-09-28	167.9	169.75	166.2	168.3	168.4	167.98	73099	39464
2006-09-27	167.95	170.4	166.25	167.05	166.85	167.74	82402	32321
2006-09-26	167.6	168.7	166	166.3	166.5	166.99	96520	39734
2006-09-25	170.7	172.4	165.75	166.5	166.65	169.49	201967	68626
2006-09-22	172	173.8	168.1	168.2	169.3	170.57	215770	73752
2006-09-21	166	174.5	166	173	172.4	171.33	509585	164944
2006-09-20	163	165.95	162	165	164.5	164.37	66100	32791
2006-09-19	166	169	163.15	164.2	164.8	167.18	129590	54918
2006-09-18	164	166.1	164	165.6	165.55	165.38	80001	33691
2006-09-15	165.9	166.5	163	164.55	164.85	164.43	80180	36507
2006-09-14	169	170	165.25	166	165.9	166.9	86830	39657
2006-09-13	166.9	171.8	166.15	168.1	168.05	168.96	172759	66613
2006-09-12	162.25	165	159.5	165	164.15	162.16	130051	55786
2006-09-11	170.5	172.35	161.05	163.9	162.25	165.21	154429	97984
2006-09-08	172	172.5	169.65	171.3	170.75	170.88	114885	48534
2006-09-07	175	175	170.05	171	170.95	171.46	184445	83547
2006-09-06	173.85	177.75	173.85	175.4	175.6	176.06	637118	225654
2006-09-05	166	175.4	165	173.5	172.8	172.37	829613	190131
2006-09-04	165.7	166.6	164	165.15	164.95	165.06	94817	52364
2006-09-01	165.6	165.6	162.5	164	163.65	163.65	77301	29370
2006-08-31	168.4	168.4	162.1	165.5	164.6	165.12	116993	51833
2006-08-30	168.9	170	166	167	166.85	167.84	103155	39550
2006-08-29	171.3	171.7	167.1	167.15	167.8	169	132883	67696
2006-08-28	171.4	171.8	169	169.65	169.9	170.12	104647	38676
2006-08-25	170.4	173.7	166.65	170.5	170.65	170.96	366358	122938
2006-08-24	169.5	169.5	165.55	168	168.55	167.35	192676	56994
2006-08-23	168.9	175	166.05	169.5	169.3	171.89	623227	159911
2006-08-22	167.9	171.95	166.4	167.65	168.25	169.01	259073	106185
2006-08-21	169.7	170.65	165.55	166.2	166.9	168.28	192618	74250
2006-08-18	169.95	172.4	165	169	168.95	169.73	364116	125553
2006-08-17	168.85	169.7	164	168.5	168.1	167.21	604151	268427
2006-08-16	166.35	170.7	164	167.15	167.15	167.26	857473	280839
2006-08-14	154.2	165	154.2	163.65	163.6	161.14	926546	281822
2006-08-11	154.45	157	153	154.25	154.2	154.61	363555	183817
2006-08-10	150.2	155.95	150.2	153.4	152.95	153.03	602930	270135
2006-08-09	146	151.65	144.5	151	150.2	149.17	389259	247003
2006-08-08	147.45	148.9	142	145.95	145.95	146.94	122770	52592
2006-08-07	147	147.95	145.7	146.9	146.35	147.15	93517	35818
2006-08-04	145.5	149.4	145.3	147	146.7	147.16	156432	59518
2006-08-03	145.8	147.3	145	145	145.25	146.19	151393	66265
2006-08-02	141.95	145.8	141.2	144.75	144	143.99	129267	47422
2006-08-01	140	142.2	139.5	142.2	141.25	140.76	38538	16833
2006-07-31	141.75	142.65	140	140.5	140.85	141.17	86147	41731
2006-07-28	142.85	143.4	138.25	139.6	139.3	140.34	175632	100904
2006-07-27	145	148.55	140.65	141.2	141.7	143.77	249936	128417
2006-07-26	143	145.45	141	144.5	144.55	143.41	101313	41672
2006-07-25	144	145.1	140.1	143	142.65	142.53	98698	37795
2006-07-24	135.85	143	131.4	143	141.85	137.64	218584	74949
2006-07-21	146.9	148.5	135.25	136.5	136.35	139.81	211753	94550
2006-07-20	146.8	148.9	145.1	146.3	146.85	147.28	253771	60950
2006-07-19	153	153	142.1	143.55	143.3	147.11	166571	65624
2006-07-18	146.9	150.75	144.1	150.6	148.9	147.04	186022	78070
2006-07-17	150.7	155.7	145.85	146	147.2	151.96	449184	150898
2006-07-14	148	152	146	149.15	149.4	149.73	417495	153842
2006-07-13	149.45	152.5	148	148.5	148.8	149.86	214366	111524
2006-07-12	144.9	150	144.5	149.5	149.5	148.18	164524	54603
2006-07-11	152.5	153	146	146.6	146.35	149.21	118466	63008
2006-07-10	148	151	146	150	150.05	149.43	119822	88989
2006-07-07	150.55	152.4	145.45	149	148.6	149.35	116454	63445
2006-07-06	149.7	151.7	148	149.75	148.95	149.91	107002	47849
2006-07-05	150.05	154	149.1	150	149.95	151.44	128340	73531
2006-07-04	156.7	156.7	151.1	152.65	152.75	153.88	142941	59970
2006-07-03	148	153	148	153	152.25	151.46	139057	46610
2006-06-30	152	157	146.05	147.95	147.45	150.24	304691	144460
2006-06-29	149.5	154.75	148.5	149.45	149.1	151.3	89975	26159
2006-06-28	144	151.5	144	150	148.7	148.86	64343	16808
2006-06-27	159	159	145	151.5	150.95	149.47	126274	54244
2006-06-26	158.95	160.8	150.1	150.55	151.8	156.84	95735	36776
2006-06-25	159	159.5	156	156.9	156.85	157.37	13062	6977
2006-06-23	155.9	158.4	153	157	156.95	156.19	86944	24922
2006-06-22	159	161.7	155.5	157	156.85	158.26	125106	58251
2006-06-21	152	158.5	150.1	156	155.1	155.74	126573	39186
2006-06-20	146	157	145	151	152.55	152.9	138597	50972
2006-06-19	145	151.85	141	151.5	150.7	148.35	191537	63764
2006-06-16	139	147	138	146.45	143.8	143.49	209809	84585
2006-06-15	138	147	129.15	135.5	136.15	133.41	119173	46322
2006-06-14	129	139	125.15	126.35	126.5	129.86	152197	55599
2006-06-13	135.7	135.7	125	127	126.3	129.06	170738	79821
2006-06-12	144	146	136	137.5	138.25	140.23	139056	40276
2006-06-09	130	147	125	143.75	142.75	138.8	237354	94613
2006-06-08	140	141	126.1	127.3	128.8	132.91	233445	101124
2006-06-07	152.25	158.5	140.55	144	144.7	150.61	208416	89717
2006-06-06	161.2	162.1	155	155.85	157.1	158.74	132847	49631
2006-06-05	170	171.4	164	165.95	165.15	167.21	169110	46227
2006-06-02	168.25	169.7	152	169	168.4	163.12	274977	96818
2006-06-01	175	176.2	167.5	167.85	169	172.33	156783	59712
2006-05-31	178	178	167.1	171.3	171.6	171.48	233016	103433
2006-05-30	182	188	180	180.85	181.15	184.16	282494	88824
2006-05-29	173	185	173	181	180.15	178.32	245111	112898
2006-05-26	175	179.5	171	172.45	172	174.46	245523	124009
2006-05-25	173	174.25	166.5	171.35	172.3	170.94	129697	45465
2006-05-24	171.85	179.95	168	172.6	172.7	173.98	216206	77851
2006-05-23	167.8	173	155	167.5	170.1	164.04	380073	145918
2006-05-22	178	184.8	145	162	163.2	168.51	383754	192418
2006-05-19	197.9	201	176.1	176.1	181	188.88	493208	221903
2006-05-18	209.95	209.95	191.1	192	192.7	200.08	606887	211531
2006-05-17	197.9	217.4	197.9	212.1	212.45	211.26	1468744	342669
2006-05-16	200.05	202.7	186	196	195.4	193.5	320633	130128
2006-05-15	200	206.9	196.6	199.85	198.7	202.48	596371	288931
2006-05-12	199	203.55	196	200	198.85	200.3	268217	105950
2006-05-11	199.9	207.8	197	202.3	201	203.18	582562	236303
2006-05-10	197	204.5	196.5	199.5	198.9	200.15	324515	89853
2006-05-09	197.9	201.75	193.05	196.2	196.1	196.98	297448	110442
2006-05-08	203.4	204.6	196.1	197	196.95	199.63	250380	128775
2006-05-05	205	209	201.5	202.4	202.4	204.53	398983	172664
2006-05-04	203.25	208.5	202.15	202.95	203.4	205.3	654351	237938
2006-05-03	199	206.9	197.1	204	202.75	203.01	1356120	415282
2006-05-02	190	202	189	196.5	196.85	195.67	719978	347081
2006-04-29	186.5	189	184.5	188.9	188.25	187.48	95726	59282
2006-04-28	184	186.5	170	186.5	184.55	182.98	174340	78333
2006-04-27	190.15	192.3	187	188	187.85	190.01	248616	113263
2006-04-26	185.15	192	183.05	190.25	189.75	189.06	440054	213958
2006-04-25	185.9	189.05	183.25	184	184.55	185.97	186338	87704
2006-04-24	183.8	187.4	182.5	187	185.9	185.68	207877	88975
2006-04-21	188	189.6	181.5	182.6	183.8	183.94	327257	137483
2006-04-20	190.5	192.9	187	187.05	187.8	189.7	376093	167945
2006-04-19	189	191.9	185.25	188.75	188.1	189.18	672851	271273
2006-04-18	183.85	186.7	183	184.95	184.9	184.67	258601	123299
2006-04-17	176.9	185.7	175	181	180.65	181.58	292908	95670
2006-04-13	179	179	170	174.85	175.5	176.14	187285	86305
2006-04-12	186	187.35	180	180.05	180.65	183.28	194069	90090
2006-04-10	185.7	188	182.8	184.6	185.7	185.19	226689	84264
2006-04-07	194.1	196.4	183	185	184.8	190.71	678971	251089
2006-04-05	187.4	196.5	187.4	192.75	192.15	192.86	1264544	346759
2006-04-04	190.7	193.85	185	185.55	186.3	189.09	482984	169284
2006-04-03	184.3	192	182.7	188.95	188.8	188.44	760488	311192
2006-03-31	183.6	186	181.1	183.1	182.35	184.17	211974	83894
2006-03-30	182.3	187.5	181.5	182.2	182.8	184.7	390256	125992
2006-03-29	182.6	185	180.1	181.85	181.3	182.68	190127	90011
2006-03-28	180.7	185.8	177	181.7	181.7	181.27	418358	207900
2006-03-27	184	184	179	179.5	179.65	180.99	159868	91954
2006-03-24	186.7	187.4	181.1	182.5	182.2	183.91	232548	86276
2006-03-23	180.1	186	180	184.2	183.05	182.66	337782	117216
2006-03-22	183.5	183.5	176.5	180.6	180.05	180.6	349210	99389
2006-03-21	188.9	191.8	181	183.5	183.25	187.58	886409	264728
2006-03-20	178.5	189	177.5	187.1	187.5	184.04	977159	347873
2006-03-17	179.6	181	176.25	177.5	177.2	178.71	210185	78564
2006-03-16	180.6	180.6	177	179	178.2	178.72	173558	87225
2006-03-14	180.6	180.6	176.25	178.65	178.55	178.52	272472	135877
2006-03-13	175	181.5	174.3	179.6	178.85	178.77	481457	147396
2006-03-10	173.15	174.85	171.25	174	173.3	173.42	144642	70596
2006-03-09	172.7	174.85	168.35	173	172.55	171.37	188586	68389
2006-03-08	178.5	179.8	170.15	171	171.45	174.54	306880	143561
2006-03-07	183.8	184.7	178	179.3	179.05	179.81	206916	98672
2006-03-06	180	186.4	180	182.65	183.35	184.21	728121	259686
2006-03-03	173.9	181.3	173.9	179.6	179.1	179.12	615284	205022
2006-03-02	177	178.45	172.5	174	173	175.08	235492	98761
2006-03-01	170.4	176.5	167	175	175.25	173.89	305869	142018
2006-02-28	171	172.45	167.5	170.6	170.2	170.14	182618	75681
2006-02-27	171.6	173	169.5	169.75	169.8	170.81	121049	58561
2006-02-24	175.45	175.85	170	170.35	170.3	171.58	134872	59614
2006-02-23	173.9	178.65	171.5	174.4	174.4	175.33	657097	160532
2006-02-22	172.4	174	169	172.5	172.2	171.77	204316	82047
2006-02-21	169	174.8	168.3	173	172	171.8	251797	85317
2006-02-20	171.5	172	166.2	168	167.7	168.13	198355	120171
2006-02-17	179	179.4	171.5	172	172.15	174.3	180336	114057
2006-02-16	179.9	180	177.1	177.7	177.65	177.75	153932	76944
2006-02-15	180.2	182.25	177.15	178.05	179.05	179.86	302323	90034
2006-02-14	179	182.5	175.6	178.25	178.5	178.86	381623	92546
2006-02-13	180.6	180.6	177.05	178	177.65	178.25	216000	98860
2006-02-10	183.2	183.4	178.05	179	179	180.02	308572	144926
2006-02-08	181.75	185.75	180	181.5	181.95	182.91	849827	190959
2006-02-07	174	181.2	173.5	181.2	178.3	176.78	371740	141165
2006-02-06	171.45	174.85	170	174	173.3	172.69	236001	83218
2006-02-03	174.9	175.8	169	171.3	170.9	172.69	210346	102749
2006-02-02	178	179.65	173.6	176.95	175.45	176.5	251349	75916
2006-02-01	182.1	183.3	175.65	176.5	176.4	179.08	262538	105753
2006-01-31	182.4	187.25	180.1	181.6	181.45	183.4	486284	105092
2006-01-30	182.3	183.7	179.05	181.2	180.45	181.38	291511	108835
2006-01-27	185	185.85	179	180.5	180.35	181.69	297286	130514
2006-01-25	189.65	190.95	182.05	183.5	183.1	186.48	391226	153941
2006-01-24	185.25	191.6	185	188.5	187.75	188.44	1043398	301371
2006-01-23	185.9	187	181.05	183	183.15	183.94	451490	131575
2006-01-20	184.4	189.4	183.5	185.2	185.1	186.22	926273	265686
2006-01-19	180	184.5	180	183	183.05	182.87	505477	156121
2006-01-18	178	183	175.5	179.3	179.2	179.84	647605	127954
2006-01-17	179	186.65	176.8	177.5	177.45	181.34	744662	202500
2006-01-16	181.8	181.8	178	178.85	178.4	179.66	296236	102475
2006-01-13	180.9	185.5	180.5	180.75	181	183.07	601987	190015
2006-01-12	185	188	179.9	180.75	181.1	183.2	773191	335410
2006-01-10	190.8	193.9	184.9	187.05	189.55	189.68	1084024	230594
2006-01-09	190.3	192.45	188.6	189	189.4	190.05	407937	131894
2006-01-06	187.5	193.35	187.1	188.7	188.65	189.94	652710	167231
2006-01-05	192.4	193.4	186.25	187	187.1	189.38	757048	230701
2006-01-04	194.95	196	190.2	190.2	191.05	193.11	1032297	257427
2006-01-03	195.9	196.5	191	193	193.25	193.39	725638	258161
2006-01-02	191.95	200.95	191.8	194.55	194.95	196.86	1916139	389441
2005-12-30	195.05	196.85	190	191.45	191.25	193.34	1306321	387675
2005-12-29	188.45	198.4	187.4	194.9	194.95	195.01	3329992	511802
2005-12-28	189	191.5	183.5	186.4	186.15	187.27	3355184	584854
2005-12-27	171.8	188.45	170	188.4	187.95	184.62	4304062	815558
2005-12-26	171	178.1	170	170	171.3	172.44	932975	257464
2005-12-23	170.1	179.85	165	176.75	178	174.81	2388167	498051
2005-12-22	163	178.1	162.95	167.9	169.1	170.18	1891137	524614
2005-12-21	160.85	163.7	159.1	161.35	161.1	161.37	721179	260563
2005-12-20	162	162.4	159	159.7	159.7	160.18	631469	253721
2005-12-19	158.8	163.8	158.1	161.5	161.7	161.4	1617643	456346
2005-12-16	150	159	149.1	157	157	156.37	1898343	451166
2005-12-15	149.8	153.45	148	150	149.35	151.28	523772	204330
2005-12-14	151.8	151.8	147.5	148.55	148.5	149.16	378560	144012
2005-12-13	153.5	153.9	150.15	151.3	151.05	151.67	406823	172582
2005-12-12	149.85	155.45	149.1	153.15	152.9	153.23	1030574	340482
2005-12-09	148.2	151.25	147	148.55	148.75	149.32	503984	168922
2005-12-08	148.5	149	146.5	146.75	147.75	147.78	377895	137828
2005-12-07	150.1	150.4	147	148.8	148.8	148.56	760697	246429
2005-12-06	148.9	152.15	147.3	149.35	149.25	150.48	1976297	411382
2005-12-05	141.2	150.85	141	148.15	149.25	147.68	3293248	754376
2005-12-02	142.8	143.7	139	139.3	139.55	141.48	603529	174790
2005-12-01	140	142.9	139.2	141.1	141.65	141.55	928726	251237
2005-11-30	139.65	146	138.5	139.5	139.7	143.11	2158481	604398
2005-11-29	135.8	139.6	132.1	139.45	137.5	135.54	507974	191697
2005-11-28	136.5	138.55	134.8	135.85	135.65	136.7	416630	171268
2005-11-26	137.5	137.5	135.3	136.25	135.85	136.24	270798	97838
2005-11-25	131	137.3	131	135.25	135.35	135.39	946853	282283
2005-11-24	130.85	131.8	129.55	130	130.15	130.55	143326	55957
2005-11-23	129	131.5	128.9	129.45	129.75	130.08	225260	58022
2005-11-22	130.25	133.85	126.8	127.65	127.75	129.97	346491	96654
2005-11-21	133	133	129.5	130.3	130	130.34	153954	67613
2005-11-18	133.8	135.5	132.05	132.4	132.6	133.64	247734	100557
2005-11-17	134.7	134.7	131.6	132.4	132.45	132.87	221900	82655
2005-11-16	133.5	135.55	131.7	133.8	134.05	133.95	483095	127260
2005-11-14	136	137	132.25	133.5	133.45	133.71	405119	147850
2005-11-11	131	136.7	130.5	135.25	135.75	134.21	1038615	301003
2005-11-10	129	131.9	128.25	130.15	130.05	130	417602	113685
2005-11-09	128.8	131.6	126.15	129.5	128.75	128.9	480869	136750
2005-11-08	125.1	129.5	125	128.65	127.95	127.67	359664	133177
2005-11-07	125	127.45	124.3	125	125.1	125.54	291497	110115
2005-11-02	120	126	115.05	125.1	124	121.89	646539	142315
2005-11-01	115	117.95	115	117.45	116.95	116.31	86692	38178
2005-10-31	110.2	114.5	110.2	114.5	113.85	112.55	137254	56089
2005-10-28	115.05	115.7	110	110.55	110.7	112.27	151339	57949
2005-10-27	119.4	119.4	114	114.25	115.05	116.09	167781	82576
2005-10-26	117.7	119.8	117.05	118.55	118.3	118.45	127829	32597
2005-10-25	119.5	122	117.3	118.35	118.35	118.87	199007	58827
2005-10-24	120	122	118	119.65	120.3	120.39	238203	60072
2005-10-21	117.8	120.8	113.5	120.4	119.2	116.99	255982	75683
2005-10-20	120	123	114.5	117.5	116.9	118.78	315483	102344
2005-10-19	123	123.5	117	119.5	118.95	120.66	229445	95773
2005-10-18	124	125.7	122.5	122.5	122.9	124.29	219267	65833
2005-10-17	127.5	127.8	122.5	122.55	123	124.18	273674	91213
2005-10-14	131	131.95	125.5	126	126.3	128.86	329031	109181
2005-10-13	132	135.5	130.2	130.35	130.75	133.06	542306	128489
2005-10-11	133	139.5	130	132.25	132.15	131.98	299065	63672
2005-10-10	136	136.3	130.6	131	131.8	132.73	426589	140768
2005-10-07	135.7	138.5	133.5	135.4	135.1	135.94	859073	204230
2005-10-06	132	139.9	128.2	133.5	133.65	135.96	1322197	279042
2005-10-05	134.85	136.45	130.55	132.5	131.9	132.84	313055	119455
2005-10-04	133.5	137.6	132.7	135	135.15	135.53	671235	160538
2005-10-03	132.3	134.35	131.15	132.7	132.75	132.82	343770	119600
2005-09-30	134	134.95	127.6	131.5	131.95	131.36	912333	152174
2005-09-29	138	138.85	132.1	133.65	133.7	135.86	983869	237288
2005-09-28	141	144.4	135.5	136.7	138.35	140.06	3245682	620965
2005-09-27	130	140.8	124	139.5	136.75	133.76	2623610	685730
2005-09-26	122.1	126.65	121	125.9	125.55	125.03	386461	109699
2005-09-23	118	122.35	116.1	121	120.4	119.65	399174	123343
2005-09-22	128	128	115.25	116.5	116.55	121.16	540228	266345
2005-09-21	132.35	132.7	119	128.95	128	126.53	889657	335356
2005-09-20	135.55	135.55	128.5	133.5	132.95	132.29	588954	216860
2005-09-19	140	140	133.75	134.3	134.3	135.62	598013	265122
2005-09-16	133.9	141.2	133.1	136.2	136.7	137.77	2880208	931872
2005-09-15	130.6	133.45	129.05	132.75	132.7	131.89	733480	220779
2005-09-14	130.95	132.4	126.25	129.75	129.45	130.23	524564	209775
2005-09-13	132.3	133.75	130.1	130.15	130.8	131.84	588826	163500
2005-09-12	128	134.5	127.35	131.1	131	131.95	994295	238242
2005-09-09	130	131.1	126.1	127.2	127.6	128.45	363143	166359
2005-09-08	131.9	132.75	129.15	129.3	129.85	130.69	463436	219557
2005-09-06	132.6	133.7	128.6	129.7	129.9	131.21	350488	159984
2005-09-05	134.55	135.4	130.25	131.1	131.35	133.16	328670	127782
2005-09-02	134.5	138	132.2	132.2	133.4	134.97	892817	292947
2005-09-01	133	136.7	132.5	133.15	133.15	134.6	765306	313835
2005-08-31	134.6	136.7	131.4	132.7	132.35	133.75	1049473	355303
2005-08-30	133.5	136.75	132.85	133.5	133.75	134.67	1667764	494095
2005-08-29	125	135.9	122	133	131.75	131.39	2743869	758137
2005-08-26	126.3	127.3	124	124	125.2	125.72	657560	294138
2005-08-25	121.85	128	120.3	125.95	125.65	125.01	1009199	292837
2005-08-24	121.5	122.5	117.5	121.75	120.75	120.17	574090	230385
2005-08-23	124	126.95	120.25	121.75	121.3	123.91	811573	278216
2005-08-22	123	127.4	123	123.5	123.75	124.67	784837	277765
2005-08-19	123	126.4	122	122.75	123.15	124.61	614955	185902
2005-08-18	128	129.2	123.15	123.7	123.6	126.26	984236	329518
2005-08-17	127.7	130.8	126.05	127.55	127.65	128.43	1470568	356183
2005-08-16	124.4	131.7	122.7	127.35	127.7	128.68	3318342	805470
2005-08-12	126.5	127.25	119.6	121.05	121.5	122.57	1867000	591613
2005-08-11	127.5	132.5	124	125	125.75	128.81	5497798	923604
2005-08-10	114.5	131.45	114.5	125.45	126.3	123.92	8765589	1541475
2005-08-09	109	114	105	113.7	112.95	111.5	2314398	813676
2005-08-08	108.8	110.5	106.15	107	107.25	108.02	1603195	656813
2005-08-05	102.7	110.4	102.3	107.5	108.85	107.53	1728834	806386
2005-08-04	104	105.2	102	103	102.4	103.38	435991	265841
2005-08-03	109.5	109.5	102.4	103.8	103.7	104.85	803097	357573
2005-08-02	101	105.9	101	103.65	104.25	104.39	986890	516970
2005-08-01	103	104.9	100.25	102.45	101.9	102.06	378175	160398
2005-07-29	95	107	93.5	103.95	104.05	103	1239063	702898
2005-07-27	97.5	97.95	96.05	96.3	96.4	96.81	100308	56429
2005-07-26	99.5	99.55	96.4	97.7	97.45	97.67	205947	99717
2005-07-25	102	102.4	98.5	98.7	98.8	100.5	541884	208339
2005-07-22	102	102.9	97.55	101	100.95	100.51	1626028	278202
2005-07-21	103	103.65	97.95	99.8	99.15	101.31	881835	332216
2005-07-20	107	107.95	102.25	102.55	102.75	104.75	1677418	720877
2005-07-19	96	104.85	96	103.65	103.8	101.97	3032410	957497
2005-07-18	90.15	97.5	89.8	95.75	96.05	94.92	1115251	459620
2005-07-15	89.6	90.25	89.1	89.2	89.3	89.61	53589	30919
2005-07-14	91.5	91.5	89	89	89.45	89.8	74236	38098
2005-07-13	91.2	91.2	89.85	90	90	90.14	108591	74654
2005-07-12	91	91.3	89.7	90.25	90.35	90.49	68688	37880
2005-07-11	91.65	92.6	90.3	90.7	90.8	91.54	91835	44153
2005-07-08	90.6	92.15	89.9	90.9	90.6	90.91	71035	35858
2005-07-07	93	93.55	90.1	90.45	90.5	92.06	142250	87397
2005-07-06	90	92.95	90	92.6	92.55	91.99	374866	200115
2005-07-05	89.4	91	88.7	89	89.05	89.85	93586	39161
2005-07-04	88.7	91	88.5	89.8	89.25	89.54	131192	63169
2005-07-01	89	90	88.05	89.9	88.7	88.9	78272	40034
2005-06-30	88.9	91.3	88.4	88.7	89.05	89.75	113040	42263
2005-06-29	90.1	90.5	88.5	88.9	89.15	89.23	91176	46240
2005-06-28	92	92	89.9	90.05	90.1	90.6	87941	47403
2005-06-27	92	92.5	91.5	91.5	91.6	91.92	80494	32545
2005-06-24	91.9	92.95	91	92	91.8	91.95	116420	47225
2005-06-23	92.2	92.45	91.35	91.5	91.7	91.85	106410	32234
2005-06-22	92.7	94.1	92	92.2	92.2	92.86	160292	71419
2005-06-21	93.1	93.5	92.5	92.7	92.85	92.98	75820	32908
2005-06-20	94.4	94.5	92.7	93.5	93.4	93.59	95619	39661
2005-06-17	95.6	96	92.7	93	93.05	93.8	192096	74018
2005-06-16	96.95	98.25	95	95	95.25	96.71	252195	67302
2005-06-15	96.4	98.7	96.4	96.65	96.65	97.4	435550	92022
2005-06-14	96.05	96.9	95.3	95.3	95.55	96.11	130145	50258
2005-06-13	95.8	98.35	94.4	95.7	96.05	96.75	306778	69975
2005-06-10	95.7	96.9	94.8	95.3	95.2	95.8	121221	47943
2005-06-09	96.8	97.3	95.1	95.4	95.7	96.33	151381	65146
2005-06-08	95.35	98.7	95.35	96.35	96.35	97.21	353943	87251
2005-06-07	95.6	96.65	95	95.3	95.35	95.79	119464	37027
2005-06-06	96.5	96.9	95.25	95.6	95.6	95.91	104691	43762
2005-06-04	95	97	95	95.9	95.8	95.96	102444	31986
2005-06-03	95.95	96	94.4	95.4	95.35	95.11	144061	61841
2005-06-02	96.65	96.65	94	94.1	94.4	95.08	108079	45215
2005-06-01	95.5	97.4	95.35	95.8	95.9	96.06	167369	36623
2005-05-31	96	96.15	95	95.15	95.25	95.32	102994	26696
2005-05-30	96.25	97.2	95	95.3	95.3	95.82	139343	44288
2005-05-27	97.5	97.95	96	96.25	96.25	96.98	195307	68475
2005-05-26	96.75	99.5	96.1	97	97.1	97.68	333243	73564
2005-05-25	96.8	97.25	95.8	96.05	96.15	96.59	161308	52949
2005-05-24	97	99.5	96.5	96.6	96.8	97.65	263000	121742
2005-05-23	101.9	102.2	98.5	98.75	98.9	99.96	434986	134527
2005-05-20	98.8	101.8	97.15	101	100.85	99.49	1340237	469538
2005-05-19	99	101.8	97.8	97.85	98.3	99.99	1629185	227319
2005-05-18	96.25	102.3	95.3	98.8	98.6	99.5	2985182	385599
2005-05-17	95.8	100	94.4	96.25	95.95	97.71	1495208	213380
2005-05-16	94.2	96.4	94.15	95.5	95.3	95.28	300142	84098
2005-05-13	94.5	94.9	93.5	94.2	94.05	94.11	213696	86209
2005-05-12	94.75	95	94.05	94.1	94.4	94.41	194643	119101
2005-05-11	94.25	95.2	93.8	94.5	94.55	94.36	222767	91541
2005-05-10	95.95	95.95	94.2	95	94.9	94.91	248707	99048
2005-05-09	96	96.4	94	94.9	95.25	95.26	432125	98385
2005-05-06	100.5	100.5	92.8	95.5	94.7	94.14	467846	168214
2005-05-05	94.5	95.25	93.25	93.5	93.55	94.37	582135	95613
2005-05-04	93.8	94.65	93.5	93.7	93.8	93.99	593692	76755
2005-05-03	94.45	95.35	92.7	92.75	93.15	94.14	840068	100797
2005-05-02	102	102	93.6	93.6	94.15	94.97	889820	126355
2005-04-29	95.85	96.85	92.5	94.1	93.4	94.72	1106185	229759
2005-04-28	96	98.7	94.65	95.4	95.55	96.67	1853019	179882
2005-04-27	93.4	101.75	92.35	95.7	96.1	98.34	4680904	431202
2005-04-26	95.65	96.25	93.1	93.2	93.4	94.26	1700389	270867
2005-04-25	98.9	99.7	94.2	94.9	94.95	96.06	2553778	501647
2005-04-22	118	118	96	96.2	98.1	102.44	8260443	2109229
